[{"fields": {"model": "logentry", "name": "log entry", "app_label": "admin"}, "model": "contenttypes.contenttype", "pk": 1}, {"fields": {"model": "permission", "name": "permission", "app_label": "auth"}, "model": "contenttypes.contenttype", "pk": 2}, {"fields": {"model": "group", "name": "group", "app_label": "auth"}, "model": "contenttypes.contenttype", "pk": 3}, {"fields": {"model": "user", "name": "user", "app_label": "auth"}, "model": "contenttypes.contenttype", "pk": 4}, {"fields": {"model": "contenttype", "name": "content type", "app_label": "contenttypes"}, "model": "contenttypes.contenttype", "pk": 5}, {"fields": {"model": "session", "name": "session", "app_label": "sessions"}, "model": "contenttypes.contenttype", "pk": 6}, {"fields": {"model": "grumbls", "name": "grumbls", "app_label": "grumblrApp"}, "model": "contenttypes.contenttype", "pk": 7}, {"fields": {"model": "comment", "name": "comment", "app_label": "grumblrApp"}, "model": "contenttypes.contenttype", "pk": 8}, {"fields": {"model": "userrelationship", "name": "user relationship", "app_label": "grumblrApp"}, "model": "contenttypes.contenttype", "pk": 9}, {"fields": {"model": "entry", "name": "entry", "app_label": "grumblrApp"}, "model": "contenttypes.contenttype", "pk": 10}, {"fields": {"expire_date": "2014-11-08T21:40:38.088Z", "session_data": "NjEwZDU0ZTVkYjIzN2U3NzMyM2E4MGU3OGRjZTgyM2MyNTczNGM5Mzp7Il9hdXRoX3VzZXJfaGFzaCI6IjI3YTA1YWJlMWU0N2ZmNDFkMmU5NzA2ZWNjYjcyZWI4OTYwMTMwMGMiLCJfYXV0aF91c2VyX2JhY2tlbmQiOiJkamFuZ28uY29udHJpYi5hdXRoLmJhY2tlbmRzLk1vZGVsQmFja2VuZCIsIl9hdXRoX3VzZXJfaWQiOjJ9"}, "model": "sessions.session", "pk": "cd40ygejj4739ab4zsewgdhw4vcqio4b"}, {"fields": {"expire_date": "2014-11-08T19:40:35.983Z", "session_data": "MTM1YTg4ZjIwOTczMjE1MWYyNWNiYTlkNGQzYjhmMmY0MDgxNTkwNDp7Il9hdXRoX3VzZXJfaGFzaCI6ImVkMTQzZDIzZjMwYjcyNjE0ZTZhODBhNWUzZmY1OTE4MDZlMzhlMDMiLCJfYXV0aF91c2VyX2lkIjoxLCJfYXV0aF91c2VyX2JhY2tlbmQiOiJkamFuZ28uY29udHJpYi5hdXRoLmJhY2tlbmRzLk1vZGVsQmFja2VuZCJ9"}, "model": "sessions.session", "pk": "otnf9c0uewxm9gakcl3rd1sfcy0vakku"}, {"fields": {"expire_date": "2014-11-08T22:00:50.248Z", "session_data": "NTQ1NzVlNGEyNjc5NGUwMWRjYTZmYzc2OTg1OWUxYTAxZWJkYzA5Zjp7Il9hdXRoX3VzZXJfaGFzaCI6IjZiYTc0N2ZiZTg1ZjhiNDc0NjI0ODc5MzQ2ZDU2YmVjYzNmZGQ5OGIiLCJfYXV0aF91c2VyX2JhY2tlbmQiOiJkamFuZ28uY29udHJpYi5hdXRoLmJhY2tlbmRzLk1vZGVsQmFja2VuZCIsIl9hdXRoX3VzZXJfaWQiOjF9"}, "model": "sessions.session", "pk": "quc3s5a4feb5i0lilrjug727im7p0jz0"}, {"fields": {"codename": "add_logentry", "name": "Can add log entry", "content_type": 1}, "model": "auth.permission", "pk": 1}, {"fields": {"codename": "change_logentry", "name": "Can change log entry", "content_type": 1}, "model": "auth.permission", "pk": 2}, {"fields": {"codename": "delete_logentry", "name": "Can delete log entry", "content_type": 1}, "model": "auth.permission", "pk": 3}, {"fields": {"codename": "add_permission", "name": "Can add permission", "content_type": 2}, "model": "auth.permission", "pk": 4}, {"fields": {"codename": "change_permission", "name": "Can change permission", "content_type": 2}, "model": "auth.permission", "pk": 5}, {"fields": {"codename": "delete_permission", "name": "Can delete permission", "content_type": 2}, "model": "auth.permission", "pk": 6}, {"fields": {"codename": "add_group", "name": "Can add group", "content_type": 3}, "model": "auth.permission", "pk": 7}, {"fields": {"codename": "change_group", "name": "Can change group", "content_type": 3}, "model": "auth.permission", "pk": 8}, {"fields": {"codename": "delete_group", "name": "Can delete group", "content_type": 3}, "model": "auth.permission", "pk": 9}, {"fields": {"codename": "add_user", "name": "Can add user", "content_type": 4}, "model": "auth.permission", "pk": 10}, {"fields": {"codename": "change_user", "name": "Can change user", "content_type": 4}, "model": "auth.permission", "pk": 11}, {"fields": {"codename": "delete_user", "name": "Can delete user", "content_type": 4}, "model": "auth.permission", "pk": 12}, {"fields": {"codename": "add_contenttype", "name": "Can add content type", "content_type": 5}, "model": "auth.permission", "pk": 13}, {"fields": {"codename": "change_contenttype", "name": "Can change content type", "content_type": 5}, "model": "auth.permission", "pk": 14}, {"fields": {"codename": "delete_contenttype", "name": "Can delete content type", "content_type": 5}, "model": "auth.permission", "pk": 15}, {"fields": {"codename": "add_session", "name": "Can add session", "content_type": 6}, "model": "auth.permission", "pk": 16}, {"fields": {"codename": "change_session", "name": "Can change session", "content_type": 6}, "model": "auth.permission", "pk": 17}, {"fields": {"codename": "delete_session", "name": "Can delete session", "content_type": 6}, "model": "auth.permission", "pk": 18}, {"fields": {"codename": "add_grumbls", "name": "Can add grumbls", "content_type": 7}, "model": "auth.permission", "pk": 19}, {"fields": {"codename": "change_grumbls", "name": "Can change grumbls", "content_type": 7}, "model": "auth.permission", "pk": 20}, {"fields": {"codename": "delete_grumbls", "name": "Can delete grumbls", "content_type": 7}, "model": "auth.permission", "pk": 21}, {"fields": {"codename": "add_comment", "name": "Can add comment", "content_type": 8}, "model": "auth.permission", "pk": 22}, {"fields": {"codename": "change_comment", "name": "Can change comment", "content_type": 8}, "model": "auth.permission", "pk": 23}, {"fields": {"codename": "delete_comment", "name": "Can delete comment", "content_type": 8}, "model": "auth.permission", "pk": 24}, {"fields": {"codename": "add_userrelationship", "name": "Can add user relationship", "content_type": 9}, "model": "auth.permission", "pk": 25}, {"fields": {"codename": "change_userrelationship", "name": "Can change user relationship", "content_type": 9}, "model": "auth.permission", "pk": 26}, {"fields": {"codename": "delete_userrelationship", "name": "Can delete user relationship", "content_type": 9}, "model": "auth.permission", "pk": 27}, {"fields": {"codename": "add_entry", "name": "Can add entry", "content_type": 10}, "model": "auth.permission", "pk": 28}, {"fields": {"codename": "change_entry", "name": "Can change entry", "content_type": 10}, "model": "auth.permission", "pk": 29}, {"fields": {"codename": "delete_entry", "name": "Can delete entry", "content_type": 10}, "model": "auth.permission", "pk": 30}, {"fields": {"username": "us1", "first_name": "", "last_name": "", "is_active": true, "is_superuser": false, "is_staff": false, "last_login": "2014-10-25T22:00:50.246Z", "groups": [], "user_permissions": [], "password": "pbkdf2_sha256$12000$XsWeKntDt4iI$r5+xg2egoKd8ZWqgMAjDTwj2AIRVDcsyfe1UNLDm3v4=", "email": "us@gmail.com", "date_joined": "2014-10-20T06:25:49.389Z"}, "model": "auth.user", "pk": 1}, {"fields": {"username": "us2", "first_name": "", "last_name": "", "is_active": true, "is_superuser": false, "is_staff": false, "last_login": "2014-10-25T21:40:38.085Z", "groups": [], "user_permissions": [], "password": "pbkdf2_sha256$12000$6F1hbuhgarej$MTE5H8em88GbXWl55NMZMBU2MqSmpZoCbkbrd4QAxMc=", "email": "us2@gmail.com", "date_joined": "2014-10-20T06:26:34.554Z"}, "model": "auth.user", "pk": 2}, {"fields": {"username": "us3", "first_name": "", "last_name": "", "is_active": true, "is_superuser": false, "is_staff": false, "last_login": "2014-10-25T18:25:50.900Z", "groups": [], "user_permissions": [], "password": "pbkdf2_sha256$12000$YPYLmq4UUL7I$JZs9CEORSkTsLOjfcbjWD7vTsAKj55aRSnwJcrXzcCQ=", "email": "us3@gmail.com", "date_joined": "2014-10-20T06:27:09.368Z"}, "model": "auth.user", "pk": 3}, {"fields": {"text": "us1_1", "dislike_user": [], "user": 1, "entry_date": "2014-10-20T14:29:41.708Z"}, "model": "grumblrApp.grumbls", "pk": 1}, {"fields": {"text": "us1_2", "dislike_user": [], "user": 1, "entry_date": "2014-10-20T14:29:44.817Z"}, "model": "grumblrApp.grumbls", "pk": 2}, {"fields": {"text": "us1_3", "dislike_user": [], "user": 1, "entry_date": "2014-10-20T14:29:48.576Z"}, "model": "grumblrApp.grumbls", "pk": 3}, {"fields": {"text": "us1_4", "dislike_user": [], "user": 1, "entry_date": "2014-10-20T14:29:52.384Z"}, "model": "grumblrApp.grumbls", "pk": 4}, {"fields": {"text": "us2_1", "dislike_user": [1], "user": 2, "entry_date": "2014-10-20T14:30:45.134Z"}, "model": "grumblrApp.grumbls", "pk": 5}, {"fields": {"text": "us2_2", "dislike_user": [1], "user": 2, "entry_date": "2014-10-20T14:30:48.984Z"}, "model": "grumblrApp.grumbls", "pk": 6}, {"fields": {"text": "us3_3", "dislike_user": [1], "user": 2, "entry_date": "2014-10-20T14:30:51.800Z"}, "model": "grumblrApp.grumbls", "pk": 7}, {"fields": {"text": "us2_4", "dislike_user": [1, 3], "user": 2, "entry_date": "2014-10-20T14:30:57.271Z"}, "model": "grumblrApp.grumbls", "pk": 8}, {"fields": {"text": "us3_1", "dislike_user": [1], "user": 3, "entry_date": "2014-10-20T14:32:46.334Z"}, "model": "grumblrApp.grumbls", "pk": 9}, {"fields": {"text": "us3_2", "dislike_user": [1], "user": 3, "entry_date": "2014-10-20T14:32:50.256Z"}, "model": "grumblrApp.grumbls", "pk": 10}, {"fields": {"text": "us3_3", "dislike_user": [1], "user": 3, "entry_date": "2014-10-20T14:32:54.564Z"}, "model": "grumblrApp.grumbls", "pk": 11}, {"fields": {"text": "us3_4", "dislike_user": [1], "user": 3, "entry_date": "2014-10-20T14:32:59.129Z"}, "model": "grumblrApp.grumbls", "pk": 12}, {"fields": {"text": "us1_new", "dislike_user": [], "user": 1, "entry_date": "2014-10-21T01:09:57.199Z"}, "model": "grumblrApp.grumbls", "pk": 13}, {"fields": {"text": "us3_friday", "dislike_user": [1], "user": 3, "entry_date": "2014-10-25T00:13:51.989Z"}, "model": "grumblrApp.grumbls", "pk": 14}, {"fields": {"text": "us3_friday_1", "dislike_user": [1], "user": 3, "entry_date": "2014-10-25T03:19:35.928Z"}, "model": "grumblrApp.grumbls", "pk": 15}, {"fields": {"text": "update new", "dislike_user": [], "user": 3, "entry_date": "2014-10-25T18:25:59.967Z"}, "model": "grumblrApp.grumbls", "pk": 16}, {"fields": {"text": "why new is not work", "dislike_user": [], "user": 3, "entry_date": "2014-10-25T18:29:04.950Z"}, "model": "grumblrApp.grumbls", "pk": 17}, {"fields": {"text": "why again", "dislike_user": [1], "user": 3, "entry_date": "2014-10-25T18:32:50.031Z"}, "model": "grumblrApp.grumbls", "pk": 18}, {"fields": {"text": "try", "dislike_user": [1], "user": 3, "entry_date": "2014-10-25T18:34:16.713Z"}, "model": "grumblrApp.grumbls", "pk": 19}, {"fields": {"text": "new try", "dislike_user": [1], "user": 3, "entry_date": "2014-10-25T18:39:18.700Z"}, "model": "grumblrApp.grumbls", "pk": 20}, {"fields": {"text": "I make it ", "dislike_user": [1], "user": 3, "entry_date": "2014-10-25T18:39:33.000Z"}, "model": "grumblrApp.grumbls", "pk": 21}, {"fields": {"text": "hellow", "dislike_user": [1], "user": 2, "entry_date": "2014-10-25T19:58:41.031Z"}, "model": "grumblrApp.grumbls", "pk": 22}, {"fields": {"text": "try dlike", "dislike_user": [1], "user": 2, "entry_date": "2014-10-25T20:37:40.374Z"}, "model": "grumblrApp.grumbls", "pk": 23}, {"fields": {"text": "try again", "dislike_user": [1], "user": 2, "entry_date": "2014-10-25T20:37:54.117Z"}, "model": "grumblrApp.grumbls", "pk": 24}, {"fields": {"text": "TRY TOO ", "dislike_user": [1], "user": 2, "entry_date": "2014-10-25T20:44:09.580Z"}, "model": "grumblrApp.grumbls", "pk": 25}, {"fields": {"text": "DISLIKE YOU", "dislike_user": [1], "user": 2, "entry_date": "2014-10-25T20:46:51.254Z"}, "model": "grumblrApp.grumbls", "pk": 26}, {"fields": {"text": "last try", "dislike_user": [1], "user": 2, "entry_date": "2014-10-25T21:40:45.662Z"}, "model": "grumblrApp.grumbls", "pk": 27}, {"fields": {"text": "good morning", "user": 2, "item": 4}, "model": "grumblrApp.comment", "pk": 1}, {"fields": {"text": "I am us2", "user": 2, "item": 4}, "model": "grumblrApp.comment", "pk": 2}, {"fields": {"text": "I love you", "user": 2, "item": 3}, "model": "grumblrApp.comment", "pk": 3}, {"fields": {"text": "I am us3", "user": 3, "item": 4}, "model": "grumblrApp.comment", "pk": 4}, {"fields": {"text": "I love you too", "user": 3, "item": 3}, "model": "grumblrApp.comment", "pk": 5}, {"fields": {"text": "I am us1", "user": 1, "item": 12}, "model": "grumblrApp.comment", "pk": 6}, {"fields": {"text": "I am us1 too", "user": 1, "item": 12}, "model": "grumblrApp.comment", "pk": 7}, {"fields": {"text": "I love you hehe", "user": 1, "item": 10}, "model": "grumblrApp.comment", "pk": 8}, {"fields": {"text": "I am trying", "user": 1, "item": 12}, "model": "grumblrApp.comment", "pk": 9}, {"fields": {"text": "I am trying too", "user": 1, "item": 12}, "model": "grumblrApp.comment", "pk": 10}, {"fields": {"text": "I am trying too", "user": 1, "item": 12}, "model": "grumblrApp.comment", "pk": 12}, {"fields": {"text": "I am trying to to ", "user": 1, "item": 12}, "model": "grumblrApp.comment", "pk": 13}, {"fields": {"text": "I am trying", "user": 1, "item": 11}, "model": "grumblrApp.comment", "pk": 14}, {"fields": {"text": "trying", "user": 1, "item": 12}, "model": "grumblrApp.comment", "pk": 15}, {"fields": {"text": "tryingtrying", "user": 1, "item": 12}, "model": "grumblrApp.comment", "pk": 16}, {"fields": {"text": "hello", "user": 1, "item": 12}, "model": "grumblrApp.comment", "pk": 17}, {"fields": {"text": "hello", "user": 1, "item": 12}, "model": "grumblrApp.comment", "pk": 18}, {"fields": {"text": "hello1", "user": 1, "item": 12}, "model": "grumblrApp.comment", "pk": 19}, {"fields": {"text": "what's up", "user": 1, "item": 12}, "model": "grumblrApp.comment", "pk": 20}, {"fields": {"text": "what's up", "user": 1, "item": 12}, "model": "grumblrApp.comment", "pk": 21}, {"fields": {"text": "what's up", "user": 1, "item": 12}, "model": "grumblrApp.comment", "pk": 22}, {"fields": {"text": "nothing", "user": 1, "item": 11}, "model": "grumblrApp.comment", "pk": 23}, {"fields": {"text": "really?", "user": 1, "item": 11}, "model": "grumblrApp.comment", "pk": 24}, {"fields": {"text": "done", "user": 1, "item": 10}, "model": "grumblrApp.comment", "pk": 25}, {"fields": {"text": "heh", "user": 1, "item": 6}, "model": "grumblrApp.comment", "pk": 26}, {"fields": {"text": "sdf", "user": 1, "item": 14}, "model": "grumblrApp.comment", "pk": 27}, {"fields": {"text": "hello", "user": 1, "item": 15}, "model": "grumblrApp.comment", "pk": 28}, {"fields": {"text": "hello", "user": 1, "item": 14}, "model": "grumblrApp.comment", "pk": 29}, {"fields": {"text": "hello world", "user": 1, "item": 15}, "model": "grumblrApp.comment", "pk": 30}, {"fields": {"text": "nihao", "user": 1, "item": 15}, "model": "grumblrApp.comment", "pk": 31}, {"fields": {"text": "succed", "user": 1, "item": 14}, "model": "grumblrApp.comment", "pk": 32}, {"fields": {"text": "finally", "user": 1, "item": 15}, "model": "grumblrApp.comment", "pk": 33}, {"fields": {"text": "We make it", "user": 1, "item": 20}, "model": "grumblrApp.comment", "pk": 34}, {"fields": {"text": "try comment", "user": 1, "item": 20}, "model": "grumblrApp.comment", "pk": 35}, {"fields": {"text": "try comment", "user": 1, "item": 20}, "model": "grumblrApp.comment", "pk": 36}, {"fields": {"text": "try comment", "user": 1, "item": 20}, "model": "grumblrApp.comment", "pk": 37}, {"fields": {"text": "com", "user": 1, "item": 21}, "model": "grumblrApp.comment", "pk": 38}, {"fields": {"text": "hehe", "user": 1, "item": 21}, "model": "grumblrApp.comment", "pk": 39}, {"fields": {"text": "hehe1", "user": 1, "item": 21}, "model": "grumblrApp.comment", "pk": 40}, {"fields": {"text": "try", "user": 1, "item": 21}, "model": "grumblrApp.comment", "pk": 41}, {"fields": {"text": "wyb", "user": 1, "item": 21}, "model": "grumblrApp.comment", "pk": 42}, {"fields": {"text": "wyb", "user": 1, "item": 21}, "model": "grumblrApp.comment", "pk": 43}, {"fields": {"text": "wyb", "user": 1, "item": 21}, "model": "grumblrApp.comment", "pk": 44}, {"fields": {"text": "wyb", "user": 1, "item": 21}, "model": "grumblrApp.comment", "pk": 45}, {"fields": {"text": "wyb", "user": 1, "item": 21}, "model": "grumblrApp.comment", "pk": 46}, {"fields": {"text": "wyb", "user": 1, "item": 21}, "model": "grumblrApp.comment", "pk": 47}, {"fields": {"text": "wyb", "user": 1, "item": 21}, "model": "grumblrApp.comment", "pk": 48}, {"fields": {"text": "wyb", "user": 1, "item": 21}, "model": "grumblrApp.comment", "pk": 49}, {"fields": {"text": "wyb", "user": 1, "item": 21}, "model": "grumblrApp.comment", "pk": 50}, {"fields": {"text": "wyb", "user": 1, "item": 21}, "model": "grumblrApp.comment", "pk": 51}, {"fields": {"text": "wyb", "user": 1, "item": 21}, "model": "grumblrApp.comment", "pk": 52}, {"fields": {"text": "wyb", "user": 1, "item": 21}, "model": "grumblrApp.comment", "pk": 53}, {"fields": {"text": "wyb", "user": 1, "item": 21}, "model": "grumblrApp.comment", "pk": 54}, {"fields": {"text": "wyb", "user": 1, "item": 21}, "model": "grumblrApp.comment", "pk": 55}, {"fields": {"text": "wyb", "user": 1, "item": 21}, "model": "grumblrApp.comment", "pk": 56}, {"fields": {"text": "ry", "user": 1, "item": 21}, "model": "grumblrApp.comment", "pk": 61}, {"fields": {"text": "hi", "user": 1, "item": 22}, "model": "grumblrApp.comment", "pk": 62}, {"fields": {"text": "i LIKE YOU", "user": 1, "item": 18}, "model": "grumblrApp.comment", "pk": 63}, {"fields": {"text": "TOO", "user": 1, "item": 18}, "model": "grumblrApp.comment", "pk": 64}, {"fields": {"text": "TOO", "user": 1, "item": 18}, "model": "grumblrApp.comment", "pk": 65}, {"fields": {"text": "WYH", "user": 1, "item": 18}, "model": "grumblrApp.comment", "pk": 66}, {"fields": {"text": "WYH", "user": 1, "item": 18}, "model": "grumblrApp.comment", "pk": 67}, {"fields": {"text": "WYH", "user": 1, "item": 18}, "model": "grumblrApp.comment", "pk": 68}, {"fields": {"text": "WHY", "user": 1, "item": 22}, "model": "grumblrApp.comment", "pk": 69}, {"fields": {"text": "TRY", "user": 1, "item": 22}, "model": "grumblrApp.comment", "pk": 70}, {"fields": {"text": "sdfsdf", "user": 1, "item": 22}, "model": "grumblrApp.comment", "pk": 71}, {"fields": {"text": "heh, dislike not good", "user": 1, "item": 24}, "model": "grumblrApp.comment", "pk": 72}, {"fields": {"text": "HE BOY", "user": 2, "item": 13}, "model": "grumblrApp.comment", "pk": 73}, {"fields": {"text": "NIHAO A ", "user": 1, "item": 26}, "model": "grumblrApp.comment", "pk": 74}, {"fields": {"text": "I love you and fInally I succed", "user": 1, "item": 27}, "model": "grumblrApp.comment", "pk": 75}, {"fields": {"followings": [3], "blockings": []}, "model": "grumblrApp.userrelationship", "pk": 1}, {"fields": {"followings": [1], "blockings": []}, "model": "grumblrApp.userrelationship", "pk": 2}, {"fields": {"followings": [1, 2], "blockings": []}, "model": "grumblrApp.userrelationship", "pk": 3}, {"fields": {"city": "Pittsburgh", "first_name": "ziyuan", "last_name": "song", "zip": "15217", "picture": "addr-book-photos/Cat1_ZKtrfyL.jpg", "country": "U.S.A", "phone": "1234567", "state": "PA", "address_1": "murry ave.", "address_2": "muhall rd.", "owner": 1}, "model": "grumblrApp.entry", "pk": 1}, {"fields": {"city": "", "first_name": "f2", "last_name": "l2", "zip": "", "picture": "addr-book-photos/Cat2.2_clRoFPU.jpeg", "country": "", "phone": "", "state": "", "address_1": "", "address_2": "", "owner": 2}, "model": "grumblrApp.entry", "pk": 2}, {"fields": {"city": "", "first_name": "f3", "last_name": "l3", "zip": "", "picture": "addr-book-photos/Cat2.3_rhx4RFw.jpeg", "country": "", "phone": "", "state": "", "address_1": "", "address_2": "", "owner": 3}, "model": "grumblrApp.entry", "pk": 3}]